sample_id	position	segment	A	C	G	T	entropy_bits	information_bits	collision
PBMC	0	cell	0.228177	0.265133	0.253275	0.253416	1.997872	0.002128	0.250728
PBMC	1	cell	0.248121	0.232926	0.241165	0.277788	1.996751	0.003249	0.251145
PBMC	2	cell	0.231982	0.287171	0.222223	0.258624	1.992712	0.007288	0.252552
PBMC	3	cell	0.205776	0.285906	0.247218	0.261100	1.990065	0.009935	0.253376
PBMC	4	cell	0.197713	0.304084	0.228873	0.269330	1.981229	0.018771	0.256479
PBMC	5	cell	0.221247	0.250458	0.271639	0.256656	1.996076	0.003924	0.251339
PBMC	6	cell	0.258749	0.217323	0.217243	0.306685	1.984676	0.015324	0.255430
PBMC	7	cell	0.256540	0.250279	0.200658	0.292524	1.987394	0.012606	0.254286
PBMC	8	cell	0.249306	0.284181	0.249161	0.217352	1.993550	0.006450	0.252235
PBMC	9	cell	0.270990	0.241406	0.216501	0.271102	1.993904	0.006096	0.252082
PBMC	10	cell	0.237309	0.256576	0.232319	0.273797	1.996895	0.003105	0.251083
PBMC	11	cell	0.277059	0.273710	0.210320	0.238911	1.991222	0.008778	0.252992
PBMC	12	cell	0.291686	0.247186	0.232605	0.228523	1.992956	0.007044	0.252509
PBMC	13	cell	0.266629	0.279445	0.216877	0.237049	1.993002	0.006998	0.252408
PBMC	14	cell	0.211033	0.265962	0.272804	0.250201	1.993195	0.006805	0.252293
PBMC	15	cell	0.264452	0.253252	0.238956	0.243339	1.998892	0.001108	0.250386
PBMC	16	umi	0.252597	0.259045	0.229134	0.259225	1.998212	0.001788	0.250609
PBMC	17	umi	0.254052	0.254999	0.232743	0.258207	1.998809	0.001191	0.250407
PBMC	18	umi	0.251865	0.255606	0.232117	0.260413	1.998646	0.001354	0.250463
PBMC	19	umi	0.251049	0.248747	0.233963	0.266241	1.998489	0.001511	0.250524
PBMC	20	umi	0.247617	0.242055	0.238834	0.271494	1.998138	0.001862	0.250655
PBMC	21	umi	0.248529	0.238038	0.237421	0.276012	1.997222	0.002778	0.250980
PBMC	22	umi	0.221507	0.259160	0.254119	0.265213	1.996621	0.003379	0.251144
PBMC	23	umi	0.202372	0.276837	0.270701	0.250089	1.989783	0.010217	0.253417
PBMC	24	umi	0.208499	0.266395	0.275913	0.249193	1.992095	0.007905	0.252663
PBMC	25	umi	0.222952	0.239297	0.270113	0.267638	1.995459	0.004541	0.251562
