run	study	input_ng	arm	vaf	target_depth	replicate	enzyme	reads	barcodes	molecules	amplicons	amplicon_share	molecules_per_amplicon	reads_per_molecule	barcode_error	barcode_phred	saturated	payload_clonality	mean_consensus_phred	groups_split	genome_equivalents	molecules_per_geq	variant_molecules	p_enough	label	panel_amplicons
SRR17220921	PRJNA788522	20	WT	0.0	10.0	1		1173796	89325	76121	5	0.7818	15224	15.42	0.00107	29.7	0	0.1401	36.04	135	6061	2.51	0.0	0.0	20ng_WT_10x_rep_1	5
SRR17220920	PRJNA788522	20	WT	0.0	10.0	2		1152950	82026	68940	5	0.7692	13788	16.72	0.001084	29.65	0	0.13955	36.33	127	6061	2.28	0.0	0.0	20ng_WT_10x_rep_2	5
SRR17220919	PRJNA788522	20	WT	0.0	10.0	3		901938	75422	64770	5	0.7881	12954	13.93	0.001099	29.59	0	0.1442	36.54	97	6061	2.14	0.0	0.0	20ng_WT_10x_rep_3	5
SRR17220934	PRJNA788522	20	WT	0.0	3.3	1		327089	49637	43115	5	0.8162	8623	7.59	0.001766	27.53	0	0.15485	37.31	7	6061	1.42	0.0	0.0	20ng_WT_3.3x_rep_1	5
SRR17220933	PRJNA788522	20	WT	0.0	3.3	2		300380	46548	40978	5	0.8272	8196	7.33	0.002048	26.89	0	0.15445	37.83	25	6061	1.35	0.0	0.0	20ng_WT_3.3x_rep_2	5
SRR17220932	PRJNA788522	20	WT	0.0	3.3	3		376882	50341	43089	5	0.8208	8618	8.75	0.001685	27.73	0	0.15065	37.31	15	6061	1.42	0.0	0.0	20ng_WT_3.3x_rep_3	5
SRR17220931	PRJNA788522	20	0.125	0.00125	10.0	1		873116	65991	52835	5	0.7805	10567	16.53	0.001416	28.49	0	0.13545	36.76	85	6061	1.74	13.21	0.9998	20ng_0.125_10x_rep_1	5
SRR17220930	PRJNA788522	20	0.125	0.00125	10.0	2		1169229	80386	63224	5	0.7526	12645	18.49	0.001401	28.54	0	0.12555	35.91	119	6061	2.09	15.81	1.0	20ng_0.125_10x_rep_2	5
SRR17220929	PRJNA788522	20	0.125	0.00125	10.0	3		1152277	78896	63348	5	0.7631	12670	18.19	0.001285	28.91	0	0.1341	36.36	125	6061	2.09	15.84	1.0	20ng_0.125_10x_rep_3	5
SRR17220944	PRJNA788522	20	0.125	0.00125	3.3	1		324181	41863	35572	5	0.8	7114	9.11	0.001723	27.64	0	0.13465	37.16	20	6061	1.17	8.89	0.9932	20ng_0.125_3.3x_rep_1	5
SRR17220943	PRJNA788522	20	0.125	0.00125	3.3	2		313420	41285	35403	5	0.7984	7081	8.85	0.001746	27.58	0	0.1357	37.25	25	6061	1.17	8.85	0.993	20ng_0.125_3.3x_rep_2	5
SRR17220942	PRJNA788522	20	0.125	0.00125	3.3	3		328258	42609	36460	5	0.7974	7292	9.0	0.001685	27.73	0	0.13435	37.1	16	6061	1.2	9.12	0.9943	20ng_0.125_3.3x_rep_3	5
SRR17220928	PRJNA788522	20	0.25	0.0025	10.0	1		1279650	87250	71469	5	0.7697	14294	17.9	0.001176	29.3	0	0.1367	36.03	152	6061	2.36	35.73	1.0	20ng_0.25_10x_rep_1	5
SRR17220926	PRJNA788522	20	0.25	0.0025	10.0	2		1370510	88796	71242	5	0.7728	14248	19.24	0.001225	29.12	0	0.13455	36.09	145	6061	2.35	35.62	1.0	20ng_0.25_10x_rep_2	5
SRR17220925	PRJNA788522	20	0.25	0.0025	10.0	3		817694	69288	57535	5	0.7887	11507	14.21	0.001368	28.64	0	0.13745	36.56	78	6061	1.9	28.77	1.0	20ng_0.25_10x_rep_3	5
SRR17220941	PRJNA788522	20	0.25	0.0025	3.3	1		318868	49426	43339	5	0.8181	8668	7.36	0.001648	27.83	0	0.14995	37.05	10	6061	1.43	21.67	1.0	20ng_0.25_3.3x_rep_1	5
SRR17220940	PRJNA788522	20	0.25	0.0025	3.3	2		320664	47137	41118	5	0.8171	8224	7.8	0.001808	27.43	0	0.14585	37.35	18	6061	1.36	20.56	1.0	20ng_0.25_3.3x_rep_2	5
SRR17220939	PRJNA788522	20	0.25	0.0025	3.3	3		227537	40459	36269	5	0.8341	7254	6.27	0.001641	27.85	0	0.15395	37.48	3	6061	1.2	18.13	1.0	20ng_0.25_3.3x_rep_3	5
SRR17220924	PRJNA788522	20	1	0.01	10.0	1		412337	49958	42053	5	0.7824	8411	9.81	0.001934	27.14	0	0.1397	37.39	42	6061	1.39	84.11	1.0	20ng_1_10x_rep_1	5
SRR17220923	PRJNA788522	20	1	0.01	10.0	2		430274	51284	43184	5	0.7599	8637	9.96	0.001916	27.18	0	0.1299	37.1	35	6061	1.43	86.37	1.0	20ng_1_10x_rep_2	5
SRR17220922	PRJNA788522	20	1	0.01	10.0	3		495272	53253	44210	5	0.7613	8842	11.2	0.001781	27.49	0	0.1355	37.07	69	6061	1.46	88.42	1.0	20ng_1_10x_rep_3	5
SRR17220937	PRJNA788522	20	1	0.01	3.3	1		136158	31868	29060	5	0.8209	5812	4.69	0.002289	26.4	0	0.15355	37.59	4	6061	0.96	58.12	1.0	20ng_1_3.3x_rep_1	5
SRR17220936	PRJNA788522	20	1	0.01	3.3	2		141827	33270	30300	5	0.796	6060	4.68	0.00263	25.8	0	0.13925	37.26	9	6061	1.0	60.6	1.0	20ng_1_3.3x_rep_2	5
SRR17220935	PRJNA788522	20	1	0.01	3.3	3		116284	32668	30201	5	0.8136	6040	3.85	0.003759	24.25	0	0.1499	37.36	11	6061	1.0	60.4	1.0	20ng_1_3.3x_rep_3	5
SRR17220904	PRJNA788522	20	cell_line	None	10.0	1		886557	63721	55156	4	0.6523	11031	16.07	0.00105	29.79	0	0.1317	35.71	263	6061	2.28			20ng_cell_line_10x_rep_1	5
SRR17220903	PRJNA788522	20	cell_line	None	10.0	2		910452	64418	56612	4	0.6504	11322	16.08	0.000945	30.25	0	0.1324	35.71	301	6061	2.34			20ng_cell_line_10x_rep_2	5
SRR17220902	PRJNA788522	20	cell_line	None	10.0	3		644788	49430	42726	4	0.6688	8545	15.09	0.001072	29.7	0	0.1388	36.49	190	6061	1.76			20ng_cell_line_10x_rep_3	5
SRR17220914	PRJNA788522	20	cell_line	None	3.3	1		253944	33952	30887	4	0.6939	6177	8.22	0.001965	27.07	0	0.15255	37.38	68	6061	1.27			20ng_cell_line_3.3x_rep_1	5
SRR17220913	PRJNA788522	20	cell_line	None	3.3	2		223834	37239	34113	4	0.6753	6823	6.56	0.00289	25.39	0	0.14175	36.73	66	6061	1.41			20ng_cell_line_3.3x_rep_2	5
SRR17220912	PRJNA788522	20	cell_line	None	3.3	3		219346	32779	29648	4	0.6743	5930	7.4	0.002315	26.35	0	0.1428	36.92	66	6061	1.22			20ng_cell_line_3.3x_rep_3	5
SRR17220895	PRJNA788522	20	cell_line	None	30.0	1		2272798	108187	91954	4	0.6477	18391	24.72	0.000786	31.04	0	0.1302	34.72	876	6061	3.79			20ng_cell_line_30x_rep_1	5
SRR17220893	PRJNA788522	20	cell_line	None	30.0	2		1655439	97189	85196	4	0.6354	17039	19.43	0.000774	31.11	0	0.12555	34.54	519	6061	3.51			20ng_cell_line_30x_rep_2	5
SRR17220892	PRJNA788522	20	cell_line	None	30.0	3		1786170	89106	74979	4	0.6174	14996	23.82	0.000829	30.81	0	0.12645	34.76	606	6061	3.09			20ng_cell_line_30x_rep_3	5
SRR17220947	PRJNA788522	5	WT	0.0	10.0	1		509678	28179	21906	5	0.7056	4381	23.27	0.001217	29.15	0	0.1124	35.13	68	1515	2.89	0.0	0.0	5ng_WT_10x_rep_1	5
SRR17220946	PRJNA788522	5	WT	0.0	10.0	2		616668	30798	23394	5	0.732	4679	26.36	0.001167	29.33	0	0.12455	35.32	66	1515	3.09	0.0	0.0	5ng_WT_10x_rep_2	5
SRR17220945	PRJNA788522	5	WT	0.0	10.0	3		474862	27038	21119	5	0.7105	4224	22.49	0.001217	29.15	0	0.1189	35.34	57	1515	2.79	0.0	0.0	5ng_WT_10x_rep_3	5
SRR17220890	PRJNA788522	5	WT	0.0	3.3	1		141997	16670	14437	5	0.7441	2887	9.84	0.001632	27.87	0	0.12145	36.09	12	1515	1.91	0.0	0.0	5ng_WT_3.3x_rep_1	5
SRR17220959	PRJNA788522	5	WT	0.0	3.3	2		126043	14858	13166	5	0.7968	2633	9.57	0.001372	28.63	0	0.1399	37.09	9	1515	1.74	0.0	0.0	5ng_WT_3.3x_rep_2	5
SRR17220958	PRJNA788522	5	WT	0.0	3.3	3		170466	17750	15430	5	0.7605	3086	11.05	0.001296	28.87	0	0.13285	36.16	9	1515	2.04	0.0	0.0	5ng_WT_3.3x_rep_3	5
SRR17220957	PRJNA788522	5	0.125	0.00125	10.0	1		372576	22436	17771	5	0.6889	3554	20.97	0.001366	28.65	0	0.1055	35.6	44	1515	2.35	4.44	0.8199	5ng_0.125_10x_rep_1	5
SRR17220956	PRJNA788522	5	0.125	0.00125	10.0	2		504097	26847	20382	5	0.6654	4076	24.73	0.001326	28.77	0	0.09495	34.57	82	1515	2.69	5.1	0.8832	5ng_0.125_10x_rep_2	5
SRR17220955	PRJNA788522	5	0.125	0.00125	10.0	3		427786	34452	29799	5	0.7665	5960	14.36	0.001079	29.67	0	0.18115	33.97	56	1515	3.93	7.45	0.9789	5ng_0.125_10x_rep_3	5
SRR17220961	PRJNA788522	5	0.125	0.00125	3.3	1		160790	15725	13493	5	0.717	2699	11.92	0.001615	27.92	0	0.1119	35.59	16	1515	1.78	3.37	0.6551	5ng_0.125_3.3x_rep_1	5
SRR17220960	PRJNA788522	5	0.125	0.00125	3.3	2		222757	16734	13819	5	0.7117	2764	16.12	0.001426	28.46	0	0.1095	35.77	23	1515	1.82	3.45	0.6707	5ng_0.125_3.3x_rep_2	5
SRR17220949	PRJNA788522	5	0.125	0.00125	3.3	3		162902	15459	13168	5	0.7388	2634	12.37	0.001616	27.92	0	0.1192	36.07	23	1515	1.74	3.29	0.639	5ng_0.125_3.3x_rep_3	5
SRR17220954	PRJNA788522	5	0.25	0.0025	10.0	1		1610392	58678	43036	5	0.6047	8607	37.42	0.001119	29.51	0	0.0926	32.62	884	1515	5.68	21.52	1.0	5ng_0.25_10x_rep_1	5
SRR17220953	PRJNA788522	5	0.25	0.0025	10.0	2		600771	29509	22443	5	0.685	4489	26.77	0.00121	29.17	0	0.1046	35.1	88	1515	2.96	11.22	0.999	5ng_0.25_10x_rep_2	5
SRR17220952	PRJNA788522	5	0.25	0.0025	10.0	3		518148	29470	23012	5	0.7068	4602	22.52	0.001337	28.74	0	0.11565	34.29	96	1515	3.04	11.51	0.9992	5ng_0.25_10x_rep_3	5
SRR17220938	PRJNA788522	5	0.25	0.0025	3.3	1		221817	19006	15976	5	0.7243	3195	13.88	0.001479	28.3	0	0.1165	35.58	22	1515	2.11	7.99	0.9861	5ng_0.25_3.3x_rep_1	5
SRR17220927	PRJNA788522	5	0.25	0.0025	3.3	2		158235	16529	14267	5	0.7351	2853	11.09	0.001632	27.87	0	0.11685	36.03	18	1515	1.88	7.13	0.9732	5ng_0.25_3.3x_rep_2	5
SRR17220916	PRJNA788522	5	0.25	0.0025	3.3	3		167247	16227	13946	5	0.7429	2789	11.99	0.001465	28.34	0	0.1207	36.33	17	1515	1.84	6.97	0.9698	5ng_0.25_3.3x_rep_3	5
SRR17220951	PRJNA788522	5	1	0.01	10.0	1		562039	29243	22396	5	0.686	4479	25.1	0.001214	29.16	0	0.1144	34.63	90	1515	2.96	44.79	1.0	5ng_1_10x_rep_1	5
SRR17220950	PRJNA788522	5	1	0.01	10.0	2		466661	25293	19607	5	0.6611	3921	23.8	0.001254	29.02	0	0.10835	35.03	53	1515	2.59	39.21	1.0	5ng_1_10x_rep_2	5
SRR17220948	PRJNA788522	5	1	0.01	10.0	3		475349	26041	19936	5	0.6896	3987	23.84	0.001289	28.9	0	0.1138	34.88	87	1515	2.63	39.87	1.0	5ng_1_10x_rep_3	5
SRR17220905	PRJNA788522	5	1	0.01	3.3	1		150920	15329	13250	5	0.7578	2650	11.39	0.001549	28.1	0	0.12635	36.34	13	1515	1.75	26.5	1.0	5ng_1_3.3x_rep_1	5
SRR17220894	PRJNA788522	5	1	0.01	3.3	2		151503	16659	14577	5	0.7329	2915	10.39	0.001426	28.46	0	0.11855	35.75	8	1515	1.92	29.15	1.0	5ng_1_3.3x_rep_2	5
SRR17220891	PRJNA788522	5	1	0.01	3.3	3		201099	18268	15501	5	0.707	3100	12.97	0.001456	28.37	0	0.1098	35.19	28	1515	2.05	31.0	1.0	5ng_1_3.3x_rep_3	5
SRR17220908	PRJNA788522	5	cell_line	None	10.0	1		283609	21856	18543	4	0.5591	3709	15.29	0.002471	26.07	0	0.0957	36.48	143	1515	3.06			5ng_cell_line_10x_rep_1	5
SRR17220907	PRJNA788522	5	cell_line	None	10.0	2		366032	28796	24623	4	0.6098	4925	14.87	0.001403	28.53	0	0.14475	36.7	123	1515	4.06			5ng_cell_line_10x_rep_2	5
SRR17220906	PRJNA788522	5	cell_line	None	10.0	3		263990	28483	25218	3	0.5523	5044	10.47	0.001588	27.99	0	0.14075	36.13	110	1515	5.55			5ng_cell_line_10x_rep_3	5
SRR17220918	PRJNA788522	5	cell_line	None	3.3	1		78873	17017	14796	3	0.5007	2959	5.33	0.011663	19.33	0	0.09615	34.77	35	1515	3.26			5ng_cell_line_3.3x_rep_1	5
SRR17220917	PRJNA788522	5	cell_line	None	3.3	2		73909	15472	13786	3	0.5765	2757	5.36	0.007737	21.11	0	0.1343	36.87	40	1515	3.03			5ng_cell_line_3.3x_rep_2	5
SRR17220915	PRJNA788522	5	cell_line	None	3.3	3		76614	17445	15793	3	0.5716	3159	4.85	0.007296	21.37	0	0.1479	36.5	46	1515	3.47			5ng_cell_line_3.3x_rep_3	5
SRR17220898	PRJNA788522	5	cell_line	None	30.0	1		631120	38302	31285	4	0.5402	6257	20.17	0.001325	28.78	0	0.095	34.8	262	1515	5.16			5ng_cell_line_30x_rep_1	5
SRR17220897	PRJNA788522	5	cell_line	None	30.0	2		580942	39656	33594	4	0.6006	6719	17.29	0.001152	29.38	0	0.14415	36.04	213	1515	5.54			5ng_cell_line_30x_rep_2	5
SRR17220896	PRJNA788522	5	cell_line	None	30.0	3		693304	42053	35085	4	0.5879	7017	19.76	0.001101	29.58	0	0.131	35.54	244	1515	5.79			5ng_cell_line_30x_rep_3	5
SRR17220901	PRJNA788522	80	cell_line	None	10.0	1		1466795	150977	140055	5	0.8205	28011	10.47	0.000693	31.59	0	0.1856	36.76	226	24242	1.16			80ng_cell_line_10x_rep_1	5
SRR17220900	PRJNA788522	80	cell_line	None	10.0	2		1504451	141037	129998	5	0.8182	26000	11.57	0.000714	31.46	0	0.1814	36.76	242	24242	1.07			80ng_cell_line_10x_rep_2	5
SRR17220899	PRJNA788522	80	cell_line	None	10.0	3		1524526	143121	131840	5	0.7964	26368	11.56	0.000736	31.33	0	0.1703	36.16	277	24242	1.09			80ng_cell_line_10x_rep_3	5
SRR17220911	PRJNA788522	80	cell_line	None	3.3	1		566823	96069	91673	5	0.8213	18335	6.18	0.000959	30.18	0	0.19215	37.02	61	24242	0.76			80ng_cell_line_3.3x_rep_1	5
SRR17220910	PRJNA788522	80	cell_line	None	3.3	2		557450	101025	96557	5	0.8459	19311	5.77	0.001157	29.37	0	0.19625	37.53	62	24242	0.8			80ng_cell_line_3.3x_rep_2	5
SRR17220909	PRJNA788522	80	cell_line	None	3.3	3		621788	105810	101419	5	0.8494	20284	6.13	0.001024	29.9	0	0.1962	37.58	69	24242	0.84			80ng_cell_line_3.3x_rep_3	5
SRR8255844	PRJNA507366		WT	0.0		1	Accuprime	2184057	279280	263296	3	0.9008	87765	8.3	0.000745	31.28	0	0.34975	36.64	383	0		0.0	0.0	Accuprime1|Wildtype	3
SRR8255837	PRJNA507366		WT	0.0		2	Accuprime	2239668	272478	252279	3	0.8704	84093	8.88	0.000933	30.3	0	0.31565	35.88	460	0		0.0	0.0	Accuprime2|Wildtype	3
SRR8255836	PRJNA507366		WT	0.0		3	Accuprime	1434483	214272	202192	3	0.9027	67397	7.09	0.000815	30.89	0	0.3234	36.64	144	0		0.0	0.0	Accuprime3|Wildtype	3
SRR8255829	PRJNA507366		WT	0.0		1	Accuprime_hifi	1996247	262958	245827	3	0.8915	81942	8.12	0.000861	30.65	0	0.32935	36.56	306	0		0.0	0.0	Accuprime_hifi1|Wildtype	3
SRR8255828	PRJNA507366		WT	0.0		2	Accuprime_hifi	2575184	339156	320126	3	0.8986	106709	8.04	0.000819	30.87	0	0.37325	35.75	434	0		0.0	0.0	Accuprime_hifi2|Wildtype	3
SRR8255827	PRJNA507366		WT	0.0		3	Accuprime_hifi	2201458	289812	273331	3	0.8936	91110	8.05	0.000797	30.99	0	0.3528	36.08	422	0		0.0	0.0	Accuprime_hifi3|Wildtype	3
SRR8255826	PRJNA507366		WT	0.0		1	Phusion	1867730	291548	276510	3	0.9067	92170	6.75	0.000757	31.21	0	0.308	37.32	265	0		0.0	0.0	Phusion1|Wildtype	3
SRR8255833	PRJNA507366		WT	0.0		2	Phusion	1849839	297471	282966	3	0.911	94322	6.54	0.00074	31.31	0	0.30995	37.31	252	0		0.0	0.0	Phusion2|Wildtype	3
SRR8255832	PRJNA507366		WT	0.0		3	Phusion	1805196	312671	299625	3	0.9141	99875	6.02	0.00068	31.67	0	0.31355	37.34	222	0		0.0	0.0	Phusion3|Wildtype	3
SRR8255846	PRJNA507366	80	WT	0.0		1	PlatRegular	3810073	217788	168388	3	0.8144	56129	22.63	0.001319	28.8	0	0.2543	36.86	4544	0		0.0	0.0	Seracare WT (1) 80ng PlatSuperfi:PlatRegular|Wildtype	3
SRR8255852	PRJNA507366	80	WT	0.0		2	PlatRegular	4303978	226438	172096	3	0.8037	57365	25.01	0.001337	28.74	0	0.25645	36.58	6530	0		0.0	0.0	Seracare WT (2) 80ng PlatSuperfi:PlatRegular|Wildtype	3
SRR8255850	PRJNA507366	80	WT	0.0		3	PlatRegular	4546599	232378	179071	3	0.8149	59690	25.39	0.001242	29.06	0	0.2577	36.72	6762	0		0.0	0.0	Seracare WT (3) 80ng PlatSuperfi:PlatRegular|Wildtype	3
SRR8255847	PRJNA507366	80	WT	0.0		1	PlatSuperfi	3950757	446778	401395	3	0.8858	133798	9.84	0.001166	29.33	0	0.29005	36.63	1411	0		0.0	0.0	Seracare WT (1) 80ng PlatSuperfi:PlatSuperfi|Wildtype	3
SRR8255853	PRJNA507366	80	WT	0.0		2	PlatSuperfi	3805853	418059	374985	3	0.882	124995	10.15	0.001138	29.44	0	0.29175	36.7	1331	0		0.0	0.0	Seracare WT (2) 80ng PlatSuperfi:PlatSuperfi|Wildtype	3
SRR8255851	PRJNA507366	80	WT	0.0		3	PlatSuperfi	3997194	478428	433489	3	0.8885	144496	9.22	0.001163	29.34	0	0.2998	36.49	1390	0		0.0	0.0	Seracare WT (3) 80ng PlatSuperfi:PlatSuperfi|Wildtype	3
SRR8255831	PRJNA507366		WT	0.0		1	Platinum	2026759	280460	266090	3	0.8922	88697	7.62	0.000785	31.05	0	0.3458	36.58	300	0		0.0	0.0	Platinum1|Wildtype	3
SRR8255830	PRJNA507366		WT	0.0		2	Platinum	2130072	277588	261597	3	0.8889	87199	8.14	0.000789	31.03	0	0.34875	35.89	207	0		0.0	0.0	Platinum2|Wildtype	3
SRR8255835	PRJNA507366		WT	0.0		3	Platinum	2305709	265975	247631	3	0.8962	82544	9.31	0.000806	30.94	0	0.34365	36.2	313	0		0.0	0.0	Platinum3|Wildtype	3
SRR8255839	PRJNA507366	50	0.125%	0.00125		0	Platinum superfi	3866502	232899	219857	3	0.8867	73286	17.59	0.000333	34.78	0	0.2806	37.45	1294	15152	4.84	91.61	1.0	3plx Platinum superfi 50 ng 0.125%|0.125% VAF	3
SRR8255838	PRJNA507366	70	0.031%	0.00031		1	Platinum superfi	3587372	260619	249325	3	0.8919	83108	14.39	0.000306	35.15	0	0.30475	37.89	1060	21212	3.92	25.76	1.0	3plx Platinum superfi 70ng 0.031% (1)|0.031% VAF	3
SRR8255841	PRJNA507366	70	0.031%	0.00031		2	Platinum superfi	4371941	293298	279012	3	0.8934	93004	15.67	0.000323	34.91	0	0.3066	37.67	1442	21212	4.38	28.83	1.0	3plx Platinum superfi 70ng 0.031% (2)|0.031% VAF	3
SRR8255840	PRJNA507366	70	0.031%	0.00031		3	Platinum superfi	4259204	290407	277543	3	0.8917	92514	15.35	0.000298	35.26	0	0.30835	37.77	1444	21212	4.36	28.68	1.0	3plx Platinum superfi 70ng 0.031% (3)|0.031% VAF	3
SRR8255843	PRJNA507366	70	0.0625%	0.000625		1	Platinum superfi	3088082	248337	238319	3	0.9006	79440	12.96	0.000313	35.04	0	0.3052	37.99	848	21212	3.75	49.65	1.0	3plx Platinum superfi 70ng 0.0625% (1)|0.0625% VAF	3
SRR8255842	PRJNA507366	70	0.0625%	0.000625		2	Platinum superfi	4332546	297148	283022	3	0.8982	94341	15.31	0.000324	34.9	0	0.31175	37.76	1507	21212	4.45	58.96	1.0	3plx Platinum superfi 70ng 0.0625% (2)|0.0625% VAF	3
SRR8255845	PRJNA507366	70	0.0625%	0.000625		3	Platinum superfi	3401134	265196	253907	3	0.8986	84636	13.4	0.000321	34.93	0	0.30655	37.86	1013	21212	3.99	52.9	1.0	3plx Platinum superfi 70ng 0.0625% (3)|0.0625% VAF	3
SRR8255834	PRJNA507366		WT	0.0		1	Platinum_Hifi	1918691	301082	285251	3	0.9078	95084	6.73	0.000795	31.0	0	0.3024	37.22	225	0		0.0	0.0	Platinum_Hifi1|Wildtype	3
SRR8255848	PRJNA507366		WT	0.0		2	Platinum_Hifi	2033815	238212	237453	3	0.8979	79151	8.57	9.6e-05	40.16	0	0.29945	36.03	304	0		0.0	0.0	Platinum_Hifi2|Wildtype	3
SRR8255849	PRJNA507366		WT	0.0		3	Platinum_Hifi	1501428	218317	205028	3	0.9083	68343	7.32	0.000832	30.8	0	0.3048	37.55	118	0		0.0	0.0	Platinum_Hifi3|Wildtype	3
