parent_reads	parents	child_barcodes	child_reads	children_per_parent	reads_per_parent	neighbours	error_from_variants	error_from_reads	phred_from_reads	estimate
1	15521	162	162	0.010437	0.010437	78.0	4.014681e-04	4.014412e-04	33.96	1.491766e-03
2	2268	126	126	0.055556	0.055556	78.0	1.068757e-03	1.068376e-03	29.71	1.491766e-03
3	1043	88	88	0.084372	0.084372	78.0	1.082278e-03	1.081692e-03	29.66	1.491766e-03
4	608	79	79	0.129934	0.129934	78.0	1.250409e-03	1.249367e-03	29.03	1.491766e-03
5	403	53	53	0.131514	0.131514	78.0	1.012497e-03	1.011643e-03	29.95	1.491766e-03
6	281	37	37	0.131673	0.131673	78.0	8.447683e-04	8.440551e-04	30.74	1.491766e-03
7	187	56	56	0.299465	0.299465	78.0	1.648580e-03	1.645413e-03	27.84	1.491766e-03
8	146	34	34	0.232877	0.232877	78.0	1.121274e-03	1.119600e-03	29.51	1.491766e-03
9	140	42	42	0.300000	0.300000	78.0	1.284523e-03	1.282051e-03	28.92	1.491766e-03
10	103	33	34	0.320388	0.330097	78.0	1.234801e-03	1.269604e-03	28.96	1.491766e-03
11	82	37	37	0.451220	0.451220	78.0	1.582272e-03	1.577691e-03	28.02	1.491766e-03
12	70	21	21	0.300000	0.300000	78.0	9.633923e-04	9.615385e-04	30.17	1.491766e-03
13	54	31	31	0.574074	0.574074	78.0	1.704725e-03	1.698444e-03	27.70	1.491766e-03
14	51	28	29	0.549020	0.568627	78.0	1.513629e-03	1.562163e-03	28.06	1.491766e-03
15	54	36	37	0.666667	0.685185	78.0	1.716749e-03	1.756885e-03	27.55	1.491766e-03
16	46	25	26	0.543478	0.565217	78.0	1.311011e-03	1.358696e-03	28.67	1.491766e-03
17	45	26	26	0.577778	0.577778	78.0	1.312055e-03	1.307190e-03	28.84	1.491766e-03
18	29	19	19	0.655172	0.655172	78.0	1.405854e-03	1.399941e-03	28.54	1.491766e-03
19	20	21	21	1.050000	1.050000	78.0	2.139942e-03	2.125506e-03	26.73	1.491766e-03
20	23	14	14	0.608696	0.608696	78.0	1.175160e-03	1.170569e-03	29.32	1.491766e-03
21	23	17	17	0.739130	0.739130	78.0	1.360173e-03	1.353719e-03	28.68	1.491766e-03
22	19	13	13	0.684211	0.684211	78.0	1.201450e-03	1.196172e-03	29.22	1.491766e-03
23	23	19	19	0.826087	0.826087	78.0	1.388784e-03	1.381416e-03	28.60	1.491766e-03
24	10	11	11	1.100000	1.100000	78.0	1.775369e-03	1.762821e-03	27.54	1.491766e-03
25	13	14	15	1.076923	1.153846	78.0	1.668349e-03	1.775148e-03	27.51	1.491766e-03
26	21	23	23	1.095238	1.095238	78.0	1.631657e-03	1.620175e-03	27.90	1.491766e-03
27	15	18	18	1.200000	1.200000	78.0	1.722687e-03	1.709402e-03	27.67	1.491766e-03
28	11	9	9	0.818182	0.818182	78.0	1.129812e-03	1.123876e-03	29.49	1.491766e-03
29	12	8	8	0.666667	0.666667	78.0	8.879735e-04	8.841733e-04	30.53	1.491766e-03
30	12	11	11	0.916667	0.916667	78.0	1.182174e-03	1.175214e-03	29.30	1.491766e-03
31	8	3	3	0.375000	0.375000	78.0	4.663826e-04	4.652605e-04	33.32	1.491766e-03
32	10	10	10	1.000000	1.000000	78.0	1.209694e-03	1.201923e-03	29.20	1.491766e-03
33	11	13	13	1.181818	1.181818	78.0	1.387952e-03	1.377410e-03	28.61	1.491766e-03
34	10	14	14	1.400000	1.400000	78.0	1.598096e-03	1.583710e-03	28.00	1.491766e-03
35	4	9	9	2.250000	2.250000	78.0	2.508890e-03	2.472527e-03	26.07	1.491766e-03
36	10	13	13	1.300000	1.300000	78.0	1.400593e-03	1.388889e-03	28.57	1.491766e-03
37	7	8	8	1.142857	1.142857	78.0	1.196790e-03	1.188001e-03	29.25	1.491766e-03
38	6	14	14	2.333333	2.333333	78.0	2.397718e-03	2.361673e-03	26.27	1.491766e-03
39	12	13	13	1.083333	1.083333	78.0	1.075865e-03	1.068376e-03	29.71	1.491766e-03
40	10	16	16	1.600000	1.600000	78.0	1.554460e-03	1.538462e-03	28.13	1.491766e-03
41	2	3	3	1.500000	1.500000	78.0	1.420836e-03	1.407129e-03	28.52	1.491766e-03
42	7	4	4	0.571429	0.571429	78.0	5.252125e-04	5.232862e-04	32.81	1.491766e-03
43	4	7	7	1.750000	1.750000	78.0	1.583122e-03	1.565295e-03	28.05	1.491766e-03
44	6	6	6	1.000000	1.000000	78.0	8.797776e-04	8.741259e-04	30.58	1.491766e-03
45	3	3	3	1.000000	1.000000	78.0	8.602270e-04	8.547009e-04	30.68	1.491766e-03
46	4	10	10	2.500000	2.500000	78.0	2.124533e-03	2.090301e-03	26.80	1.491766e-03
47	4	7	7	1.750000	1.750000	78.0	1.448388e-03	1.432079e-03	28.44	1.491766e-03
48	3	6	6	2.000000	2.000000	78.0	1.623468e-03	1.602564e-03	27.95	1.491766e-03
49	2	6	6	3.000000	3.000000	78.0	2.401268e-03	2.354788e-03	26.28	1.491766e-03
50	5	10	10	2.000000	2.000000	78.0	1.558529e-03	1.538462e-03	28.13	1.491766e-03
51	7	10	10	1.428571	1.428571	78.0	1.087342e-03	1.077354e-03	29.68	1.491766e-03
52	6	13	13	2.166667	2.166667	78.0	1.625243e-03	1.602564e-03	27.95	1.491766e-03
53	3	10	11	3.333333	3.666667	78.0	2.472173e-03	2.660861e-03	25.75	1.491766e-03
54	5	11	12	2.200000	2.400000	78.0	1.589474e-03	1.709402e-03	27.67	1.491766e-03
55	3	8	9	2.666667	3.000000	78.0	1.897425e-03	2.097902e-03	26.78	1.491766e-03
56	2	4	4	2.000000	2.000000	78.0	1.391544e-03	1.373626e-03	28.62	1.491766e-03
57	5	12	12	2.400000	2.400000	78.0	1.644871e-03	1.619433e-03	27.91	1.491766e-03
58	2	7	7	3.500000	3.500000	78.0	2.374640e-03	2.320955e-03	26.34	1.491766e-03
59	4	12	12	3.000000	3.000000	78.0	1.994274e-03	1.955671e-03	27.09	1.491766e-03
60	2	4	4	2.000000	2.000000	78.0	1.298774e-03	1.282051e-03	28.92	1.491766e-03
61	1	3	3	3.000000	3.000000	78.0	1.928888e-03	1.891551e-03	27.23	1.491766e-03
63	2	4	4	2.000000	2.000000	78.0	1.236928e-03	1.221001e-03	29.13	1.491766e-03
65	4	16	16	4.000000	4.000000	78.0	2.429711e-03	2.366864e-03	26.26	1.491766e-03
66	1	1	1	1.000000	1.000000	78.0	5.865184e-04	5.827506e-04	32.35	1.491766e-03
67	3	8	8	2.666667	2.666667	78.0	1.557587e-03	1.530808e-03	28.15	1.491766e-03
68	2	8	8	4.000000	4.000000	78.0	2.322518e-03	2.262443e-03	26.45	1.491766e-03
69	2	9	10	4.500000	5.000000	78.0	2.583627e-03	2.787068e-03	25.55	1.491766e-03
70	1	1	1	1.000000	1.000000	78.0	5.530031e-04	5.494505e-04	32.60	1.491766e-03
71	2	6	6	3.000000	3.000000	78.0	1.657213e-03	1.625135e-03	27.89	1.491766e-03
72	3	5	5	1.666667	1.666667	78.0	8.999630e-04	8.903134e-04	30.50	1.491766e-03
73	5	17	17	3.400000	3.400000	78.0	1.831575e-03	1.791359e-03	27.47	1.491766e-03
76	1	1	1	1.000000	1.000000	78.0	5.093449e-04	5.060729e-04	32.96	1.491766e-03
77	1	4	4	4.000000	4.000000	78.0	2.051055e-03	1.998002e-03	26.99	1.491766e-03
78	1	2	2	2.000000	2.000000	78.0	9.990572e-04	9.861933e-04	30.06	1.491766e-03
79	3	8	8	2.666667	2.666667	78.0	1.320992e-03	1.298280e-03	28.87	1.491766e-03
80	1	5	5	5.000000	5.000000	78.0	2.484352e-03	2.403846e-03	26.19	1.491766e-03
81	5	12	12	2.400000	2.400000	78.0	1.157502e-03	1.139601e-03	29.43	1.491766e-03
82	1	5	5	5.000000	5.000000	78.0	2.423758e-03	2.345216e-03	26.30	1.491766e-03
83	2	8	8	4.000000	4.000000	78.0	1.902786e-03	1.853568e-03	27.32	1.491766e-03
84	1	2	2	2.000000	2.000000	78.0	9.276959e-04	9.157509e-04	30.38	1.491766e-03
85	1	6	6	6.000000	6.000000	78.0	2.825037e-03	2.714932e-03	25.66	1.491766e-03
86	1	5	5	5.000000	5.000000	78.0	2.311025e-03	2.236136e-03	26.51	1.491766e-03
87	3	11	12	3.666667	4.000000	78.0	1.660322e-03	1.768347e-03	27.52	1.491766e-03
89	2	5	5	2.500000	2.500000	78.0	1.098073e-03	1.080380e-03	29.66	1.491766e-03
90	4	15	15	3.750000	3.750000	78.0	1.642368e-03	1.602564e-03	27.95	1.491766e-03
92	1	3	3	3.000000	3.000000	78.0	1.278936e-03	1.254181e-03	29.02	1.491766e-03
94	1	3	3	3.000000	3.000000	78.0	1.251725e-03	1.227496e-03	29.11	1.491766e-03
95	1	2	2	2.000000	2.000000	78.0	8.202785e-04	8.097166e-04	30.92	1.491766e-03
96	2	17	17	8.500000	8.500000	78.0	3.605690e-03	3.405449e-03	24.68	1.491766e-03
97	1	4	4	4.000000	4.000000	78.0	1.628157e-03	1.586043e-03	28.00	1.491766e-03
98	1	4	4	4.000000	4.000000	78.0	1.611543e-03	1.569859e-03	28.04	1.491766e-03
101	2	8	9	4.000000	4.500000	78.0	1.563675e-03	1.713633e-03	27.66	1.491766e-03
103	3	7	7	2.333333	2.333333	78.0	8.845951e-04	8.712970e-04	30.60	1.491766e-03
104	1	1	1	1.000000	1.000000	78.0	3.722136e-04	3.698225e-04	34.32	1.491766e-03
106	1	4	4	4.000000	4.000000	78.0	1.489917e-03	1.451379e-03	28.38	1.491766e-03
108	2	8	8	4.000000	4.000000	78.0	1.462326e-03	1.424501e-03	28.46	1.491766e-03
110	1	3	3	3.000000	3.000000	78.0	1.069656e-03	1.048951e-03	29.79	1.491766e-03
111	1	6	7	6.000000	7.000000	78.0	2.163316e-03	2.425502e-03	26.15	1.491766e-03
112	1	3	3	3.000000	3.000000	78.0	1.050555e-03	1.030220e-03	29.87	1.491766e-03
113	1	2	2	2.000000	2.000000	78.0	6.896147e-04	6.807352e-04	31.67	1.491766e-03
117	1	5	5	5.000000	5.000000	78.0	1.698702e-03	1.643655e-03	27.84	1.491766e-03
118	1	5	5	5.000000	5.000000	78.0	1.684306e-03	1.629726e-03	27.88	1.491766e-03
119	1	0	0	0.000000	0.000000	78.0	0.000000e+00	0.000000e+00	.	1.491766e-03
120	2	9	9	4.500000	4.500000	78.0	1.485586e-03	1.442308e-03	28.41	1.491766e-03
124	1	6	6	6.000000	6.000000	78.0	1.936517e-03	1.861042e-03	27.30	1.491766e-03
125	1	4	4	4.000000	4.000000	78.0	1.263450e-03	1.230769e-03	29.10	1.491766e-03
127	1	4	4	4.000000	4.000000	78.0	1.243553e-03	1.211387e-03	29.17	1.491766e-03
128	1	3	3	3.000000	3.000000	78.0	9.192355e-04	9.014423e-04	30.45	1.491766e-03
130	1	5	5	5.000000	5.000000	78.0	1.528832e-03	1.479290e-03	28.30	1.491766e-03
132	1	5	5	5.000000	5.000000	78.0	1.505668e-03	1.456876e-03	28.37	1.491766e-03
139	3	13	13	4.333333	4.333333	78.0	1.233635e-03	1.199041e-03	29.21	1.491766e-03
153	2	8	8	4.000000	4.000000	78.0	1.032230e-03	1.005530e-03	29.98	1.491766e-03
155	1	7	7	7.000000	7.000000	78.0	1.819915e-03	1.736973e-03	27.60	1.491766e-03
156	1	6	6	6.000000	6.000000	78.0	1.539283e-03	1.479290e-03	28.30	1.491766e-03
158	1	8	9	8.000000	9.000000	78.0	2.054688e-03	2.190847e-03	26.59	1.491766e-03
163	1	7	8	7.000000	8.000000	78.0	1.730594e-03	1.887683e-03	27.24	1.491766e-03
164	1	4	5	4.000000	5.000000	78.0	9.629951e-04	1.172608e-03	29.31	1.491766e-03
166	1	7	8	7.000000	8.000000	78.0	1.699318e-03	1.853568e-03	27.32	1.491766e-03
167	1	4	4	4.000000	4.000000	78.0	9.456958e-04	9.212345e-04	30.36	1.491766e-03
179	1	7	8	7.000000	8.000000	78.0	1.575904e-03	1.718951e-03	27.65	1.491766e-03
181	1	9	9	9.000000	9.000000	78.0	2.032083e-03	1.912452e-03	27.18	1.491766e-03
189	1	10	10	10.000000	10.000000	78.0	2.177796e-03	2.035002e-03	26.91	1.491766e-03
194	1	9	10	9.000000	10.000000	78.0	1.895912e-03	1.982554e-03	27.03	1.491766e-03
197	1	14	14	14.000000	14.000000	78.0	3.012575e-03	2.733307e-03	25.63	1.491766e-03
198	1	6	7	6.000000	7.000000	78.0	1.212768e-03	1.359751e-03	28.67	1.491766e-03
202	1	6	6	6.000000	6.000000	78.0	1.188753e-03	1.142422e-03	29.42	1.491766e-03
209	1	9	9	9.000000	9.000000	78.0	1.759842e-03	1.656238e-03	27.81	1.491766e-03
214	1	6	6	6.000000	6.000000	78.0	1.122094e-03	1.078361e-03	29.67	1.491766e-03
235	1	7	7	7.000000	7.000000	78.0	1.200370e-03	1.145663e-03	29.41	1.491766e-03
240	1	11	11	11.000000	11.000000	78.0	1.900203e-03	1.762821e-03	27.54	1.491766e-03
241	1	8	8	8.000000	8.000000	78.0	1.347057e-03	1.276732e-03	28.94	1.491766e-03
289	1	10	10	10.000000	10.000000	78.0	1.424233e-03	1.330849e-03	28.76	1.491766e-03
317	1	11	11	11.000000	11.000000	78.0	1.438639e-03	1.334628e-03	28.75	1.491766e-03
328	1	10	10	10.000000	10.000000	78.0	1.254888e-03	1.172608e-03	29.31	1.491766e-03
332	1	9	9	9.000000	9.000000	78.0	1.107852e-03	1.042632e-03	29.82	1.491766e-03
341	1	18	18	18.000000	18.000000	78.0	2.308190e-03	2.030228e-03	26.92	1.491766e-03
389	1	12	12	12.000000	12.000000	78.0	1.288335e-03	1.186474e-03	29.26	1.491766e-03
408	1	15	16	15.000000	16.000000	78.0	1.570398e-03	1.508296e-03	28.22	1.491766e-03
418	1	17	21	17.000000	21.000000	78.0	1.764366e-03	1.932278e-03	27.14	1.491766e-03
425	1	14	14	14.000000	14.000000	78.0	1.396417e-03	1.266968e-03	28.97	1.491766e-03
445	1	10	11	10.000000	11.000000	78.0	9.249514e-04	9.507347e-04	30.22	1.491766e-03
451	1	17	19	17.000000	19.000000	78.0	1.635266e-03	1.620331e-03	27.90	1.491766e-03
476	1	18	19	18.000000	19.000000	78.0	1.653556e-03	1.535229e-03	28.14	1.491766e-03
492	1	7	9	7.000000	9.000000	78.0	5.733473e-04	7.035647e-04	31.53	1.491766e-03
513	1	20	21	20.000000	21.000000	78.0	1.732549e-03	1.574449e-03	28.03	1.491766e-03
532	1	19	20	19.000000	20.000000	78.0	1.574275e-03	1.445922e-03	28.40	1.491766e-03
535	1	20	24	20.000000	24.000000	78.0	1.661304e-03	1.725377e-03	27.63	1.491766e-03
603	1	25	28	25.000000	28.000000	78.0	1.922472e-03	1.785942e-03	27.48	1.491766e-03
604	1	14	17	14.000000	17.000000	78.0	9.825782e-04	1.082527e-03	29.66	1.491766e-03
745	1	16	19	16.000000	19.000000	78.0	9.244608e-04	9.808983e-04	30.08	1.491766e-03
863	1	25	27	25.000000	27.000000	78.0	1.343280e-03	1.203316e-03	29.20	1.491766e-03
891	1	31	42	31.000000	42.000000	78.0	1.705593e-03	1.813002e-03	27.42	1.491766e-03
1031	1	31	41	31.000000	41.000000	78.0	1.473990e-03	1.529508e-03	28.15	1.491766e-03
1251	1	40	59	40.000000	59.000000	78.0	1.724515e-03	1.813933e-03	27.41	1.491766e-03
1262	1	36	44	36.000000	44.000000	78.0	1.471567e-03	1.340973e-03	28.73	1.491766e-03
1510	1	45	58	45.000000	58.000000	78.0	1.709009e-03	1.477331e-03	28.31	1.491766e-03
1991	1	53	85	53.000000	85.000000	78.0	1.714465e-03	1.642004e-03	27.85	1.491766e-03
2788	1	65	108	65.000000	108.000000	78.0	1.928005e-03	1.489902e-03	28.27	1.491766e-03
18584	1	90	750	90.000000	750.000000	78.0	.	1.552204e-03	28.09	1.491766e-03
